Original,Mutated,Predicted,Original,Levinstein Distance
VYSNAX44F9C4CHF51TR887RFHHP6RX61H2E6WDI4NWZQJBMB8JM1W3AM9YYVCT4IFE6EJUVT80GPQDTHLCEIJ3YZZ2BQ3WYILZ1L,VlENAn4pWzCGgdctkYU88iCnAkT6RXzvH2EgWobjNUZQJJZmSbMyWyAM9YyeCuwgcIGCJXVT8eaqrGTLXpEIhaQJxwwQfpYILZEe,0,1,44
F05M1BD5E92IQS3QJETWLE7A7Q52B89OJ2CZVO7YAR4GNSYBXEIWFC9CNI15QVP2YSA284VMT6GW3QKS7F6ZQ5Y9Z7BR76R83DEH,F05bxBQSG9HyhLoQxiTWlEkmZt5iB8kVk2XZVOiYWRVGWeDBfwDWFCOmfS1gdTPLYhA284XMDBZpcQJS7FkusZnYJhNaqIm8UYBH,6,1,42
JFLKHJR6VVKO3L5W3V49HYDB1CORCA91KPXKDXTGABWLF62SIBR7CAP7Y3VK9ZL3KZFAGEUME21BTSCG4YLOXOB5L64LNNC9UR7I,cFLzpJjlcVSW3wdcEVpNHuUw1tOdOA9yduGMGXTwAvWgd62SieTiDAP7E3VfJRL3KZFFGEPMf2gWywVtzYLBXTw5LdfLFBC9umYz,0,4,41
ETHWHK8I3OGYINPPVVR75SF4H7RXTDVXESZAC211VIU06HTG1PT466FJ7YXEVINB7Q1FN0VI1W2BHXH0E4NSFAWSVAYCQFT4SWK8,nThxUKjinHcyLNCPVVRa5SL4ayetTDlqPlZAC2c1VmUTcrPmOQTM66nJYAAEehsgMyQJNmsZNWkIHPM0WjNSFZWPuAYCQsTvSWKh,0,6,44
MZV5RAHBNCWPDIHHN1Z8NQMRCL7JRY6781F91U6GWCRRIJKZQCZNTGGBYU3ANGKEVFL8ZNLEP4UXKB4ZYTP8TB3TIRIM6EL432IX,vZVLRADZlCnFxXGhDwZnqHqRmLjJcq6HE1FWawvGWCRyIJKZrWZNJGGxhqoUtoKXDjHFlrLEPZdXkL4ZKcF8TpZpeBIMOESm32SY,0,7,45
RVLI52QI4MFNPXO46ZR4VC7YRKWNX6X1Y8VDF2BSE4POZEMGK6C0D6PLHG6QLFDXZB913K5TOG55RTB0INXPZ8MMAYTRQBMKA78A,EVLIqWQILPbNPXe4PXiHeaiYRKfNXwS1rDLoFZBQF4khLOMLK6Fqr6PuyDbiOFDFZuDDcK5YoaY5nAN0snXTZ8EQJMTzdBoKAa8A,18,8,36
9BGPD69M3MO7P0E2U4HU58NHNH5LE12D9VTWXLCE0CGYR3D2XDGM0F4ZS0E5OSBOX4VNWOTTNNR6BREXGLOU4449MF0CUCF1MNYU,9tGPwD9QhCvlJ0ZdjKHcobBaoPBLj1MW9VTnXLCYtCuYqzL2XDMMrU4ZjmY5OGBOajpolOsTNNMQIxEXttKx4449lo0XWXA1MZYq,18,8,38
FSJQB5PPUUG5312LU5454PRISN1BJPHRCN7VZVIDMGOKMZ2UP6V5OHVZMUV73L429V4STA7LSN1PS3MIYYY7G56RCY9UVFONKKGS,vdJOBArPjUOfLjWXU54UrPRPIN1eJPHRQNiVZVyEMsGDMf2Ys6VjOHVfaUV73IhK9rCdwu7PSE1vSYrdlPY7S5oBCV9pVFtLerXS,31,10,43
HANWGLV7F4D7YEIS1990YNXQLW07MKOMORL03DX98497VOAXBBRIPMK59WYDRZFB7AESLVTI257I5BASBYU4PES0OGC6WQVWNCJG,HqNapWE7FqD7QWITxMgNqNXMgWdgocQgPRbZ3qQw84C7VOzXwBhePMtw9jHhBxFBQIDSbYgo2q7UYBASBYUizERwHTCTwQaBNCJJ,0,10,38
30YUTQG26CI8G04IQE72UFI6BP92HRGHDT844Z7N2A7AQHSLJQQ55GGDEPQB67K3KKXA37IC85NXSL2JFICUQ4SCP1UJ02LUCVTB,pbYUTZacKCfdG04IQymMGhI6zP9LHRVHDX8GfrCMXIgAQHqhJQQ5SlflEkQSotTWretmmXIOrfzcfFoJFINxQoSUimfqm2LHqRlZ,0,10,34
XJO3KEG1NXKWWDNNZA0C9IDQI0F6C0QLVDFLT3PWCI5JSXBZMJP5ATJ34NLSJ4TMCUCIGNJPXWX5XWT60HS6TXVRNNO7LUP4UGH1,zgO3KVGkNKKoWDjPYA0CZRNQIZrFCAFLVdFLTujcCfnezXrZdkPyTAJ3IkHGJ4xgPUegsNJPXWPQXDgkZHSIaNVIMNOtLkH4sfH1,0,11,44
77J45HA980IY662B6EA1LS4FI0BYNNBQL0SQ01DSJZZRKJACAVOF5VXFOR8E4DYOMMXJRVE38ZJVZLFNUJZI5CI8QRW1II4CSISD,k7JXsHAYZipO662d6XA1LQrYI0BwtNDLL0ZQmlDQjMJhzSANAVdi5VttOPSE4DTOGMZCRVvUXZvGSWtPPJBI5CKrkRWYIg4cYZSr,45,11,43
AD2H6FKZCNPB5WFLOV55YBPYY98GEGRN3LOWZ1V9S5KQJIZIAMDYVH20YIAP63WRNF9WQHYLO01KFAL7KA8U2C0WO0Z2DHT4HB8I,AD2DZRWqOoSB5WYmCOxITBPYQG8gZQRKgLOWB1V9U5XpitoIAMqdQH20QIAe63pOQF9HyHlLG01IeALKxYDh2x0WTeKFjHG4HM8L,53,12,46
2I8MGI87VDEAKJ17GVSZ7R2CATBJQQYSFNHZA9FST41EUPNJVAEQ944PBQT84IW6PEJ0SLMGA4Q26V6UOQIOAENJB87DPUPDHRM8,2eMUGh87VSEAOEJjGVGZyE2CAUzFQQYSrmEQA9ExW4HEUMxJSUEPr44PMQn8PIAsJbr0FLXWAJQXCVKwqStOsEQPBF7DwUdaLRMO,49,13,40
Y74SFE9X4CWJO1V22F7J37Q2YRS5B3LSCGHXP94W9OPIP4NNXY2I0PXCMBQSR7J7TK5FIQSABUAT8E3OU4PPOKVBL91EUCCIL3Q6,v74SiE9X4mWSJsVe2uXm37E2YiS5BoNSWGgXE9bolqbIP4fNXf2QOPbCMDHlRdJ7EK5dhJUAEWIusXuQU4MHDVFOw91ktCiZS3G6,45,14,45
WULEZJ3B7XAZPKD9TX3T9SY9NW6FNOJGLW0N8A1SNSG10LW7N08CXIPXYIKU0XTW1XSWGWYB82WU5NJESX19J82D1ESVCAAXPSYK,eUPtZZ3S7PDXPKSKTN3SFYARNn6YkOJGLW0NcT1INXGNsGW7Ng8kGUPxYICL0vTWDJSRGDYBe2wU5RMZYmoOJwiDApSVrAwtPwYu,49,15,50
YC62A9CIOF4SSW1D866HVR94JS4XYCFZU24GX87029QQ5COXOAS7KPVVWWAV63NZT8Y6M94TVNI0WPKBWO8C5SFD4U35RIA8SZ26,YEA2EICyXF4MbX1DqpIHqMDWSSfSYukHUk4Rj87S29OQUdOXYPSoDkVVeWXVUbNPT8VHM94TViIpWuKaGO8w5oXO4U35sHWQSgPw,45,17,34
UQ592WCHZ3B96JGNPPLZQJCU0UBM6KE8RIE4F7G90BHAM2RCIT691E3H1IWUJ4Y8VK206VI3UP6KLWZM72DDFAP6BNU3TWI5O2JO,OEL9YQMHZpBKwuGNPPHZUJCk0ABMeKB8zDEjU7GhwBumhHUsIenZ1Ear1jxhf4YusDx06Vw3qLIKwsZbVxDQGDPbBNSHTDI5OBMO,13,18,35
9OAGRIP9S3HEPM13R3C1DB6ELKOC5GWHSBWGG7LEBVH33S0CTHNVVTC57W906B17UI9O79KPJPO7HSVX7D8DCNCPMLIXYH5MUF6W,9OuutISLU3PEFS1GRqALjPyRLvOPNGWHyBWfGdLEBVds3StLTbrVnTCS7N906dLpsjCXdoKeUPM7HSmcoMtaCNBWMZIXpKSdUL6W,18,18,39
40RAEY2GKXDRX96HU1T4YUPKEKWZM2D69FUI5RIIYK6EXV9GJ0YG5EUJQKI14S39WP1VJQIKOB8ZSNJMXJVIWV1KTDG6U0TAR673,40QATY2erXDUsLpOUSdbYCUnAKWRMFvuyFhNaRNwVeuEXVdZdhFt5EUrAWI14S39WP1eyqIKie8XcNUusJVIWVFKTDt6JoTARF7E,26,19,49
KOKZDG6EMV1MJIB4ZRB2PA60D4YCBXDMEE0O21BLVV4R83UDFJ4ZN902OA267ENJ63PW4ZXTPKBS02BJG0Y4ZM40C3S9UDGSTUYU,qFKZDIfPMVXMGEBsZSL2PAH0D4yCylCidE0u21BlDnvRpoUsFJ4ZvkRPOo267gObxxPROyITPGMS0hXJL0Y4Xdb0R3kaUDASZebU,38,20,49
4JFU96PMPP4YDN6S5O9ALECHVL441R6D4G9VU3I3ABQBFKDIC0IJ8H9WO5PRRZAQCQH7XLH4IHBZ01SJ30WMSBFE20XW59AUSOW4,rwFo9uPwfq4VtS6SZvgZtEChOLkl1RkN4z9VU3tKABQBfrgIFQbJxHiWO5MZYsAQCQEjXLD4IbBZsSzGlNWMhywZhJXWd9AYDVW4,0,20,44
E33HH8PSY0VH9R6XHYJYHRZV5MPFHWMU578AW9OEH97GT7D774VTFPDMSOZZQMGBHQ8J89FQJBF4RJ7EEX8SXKJZSZEO0WX3QQVA,r33HH8gJYgVHyR6XHpJhIRZweMPKekMd5D8AWmqEH97ZlxDSl4wyZHDXFOzkpeGMyfNl8fFQJBFWvJ7tGXqSXKJZHZEO0vX3uQVw,31,21,55
ZX27U8GITXTAQFNTPS2BJ8JQYQTPT5WBFXVXNANRUFFPXBTT07KOSR9ZEFAASEVBSVLCJBOW98FLGQE2RZLP4NTIMW5U0N9SCEJS,qo27U8JIlXFAQFNHPSEBTnJUfTJUyAABMXVXNAtRQiFPXNhT07HOasByESZBSEYBUVyXmUOyK8jHGQE2dXLWxNTEMW5UaNPSywJJ,51,21,51
LF0T3IV0EBWZRRWHEQME12SC5QZLWAU7WGPC2OQTS5G63NNSFFC91GLQ8DBYI7EJSIRUPGB1YEWH7AN9ECJTRB0O48Y0POJZAKLY,LjMx3IBsEBWlcRWOlnWE12IH5vZLWUU7xFPCLpwTSdPvhNkSFzpnvGLr8dtZI7DVuIRVTGBEATnHEsUnECJcRQTqzRY0GOJJAUZY,13,22,48
ROKYFGYXMT3B2EDQDMKHJGP4Q2BW7ZL89NFL3X1BCJ40CNB0GL3GN3QCEGT86PF3QVHP9IQMDD8YRL3MS2JCXO2IZRFAIH5RDTLO,iseJxnbXor3B2suQWqKHJBjJo2vW7jL89NFK3X1LCdZ0CNB0GfuPv3QulqhQ6PR3QVHRUIQMVH8YwL3gSNeNyO2IjLLAIHlRHTXO,49,23,51
NI8WPIPKCHZSKEHP542TIJOF113Z7J5A4ZKJ399LSHNKR9FZIZU6MU579J4HEDLFXV3U4NEOUMM5O4GSKQ71M4D1ZPFW2JADAF5M,NI8ePIzKGHZKLEJP5PndIJNA1cKZ7r5deZKhg99tSKOCi9xZuzUUMU57ZJlgEDjSbVyDYNEoUMMJOjxVKu7gItD1NPFW2JAUAF5g,42,24,41
YACDCPIK6XXW7RDYHKXQ2IIJFRLLN99T0P77TPB2ZG2CKC1HJWZVM34XXXM03H9HSL81QGC6JJ7H2BSL624876TD56T4HS58EOSJ,YAiDpPaKTwyW7CvuVUXu2IIJxToxNw9TdDhqTsf2ru2CICYiIWZGM34yYzL0eHYFSL81irX6JT7H2BSr6oVPQcmDg6zNHSUBhOiS,26,25,41
IETM6QCXQDEOJBTO9Q4EUC4M8LP101GB80REG79IJE9GBM2PI0CZCQ0UJ4RU70RU4P7ONH7AJAHIN0S5GN8VOY4GQG3IMOBMDF4Y,IDKR6QCAQDELJhTOkQ4hoCTG8oUi01GY80fTn7kIJE9TBM2PA0CqWe0UJ4RpsdPU4JFTNHnAHAHTNyoaENJWRgkuTP3EAbBYcyaR,45,25,45
1UJGOOGXYCE9A2HVN6SM6URESF24DHQNK8O5V9E07XE6N10RO9XKBYS8W8NAVX34AW8GXGZDZD9YJ3UBNWT4ZUBRHTIU2Y6YC1ZK,1xJQzAErYCZXA2vVE6AE6hRESAe4nBqNKWOSVLUbaXE6NySZO9iKcYr8WNFCVu3ZrM8VgxZTCkRYJKUghgT4ZyBlZSIUVX6YC1NK,45,26,45
HY0OX6LDG3YAWWZ2BXGJPTFWRYUJ53BOYY3KDQX6F0XV2X890AHOLL2FUGJA6QV96P9HAYS9P7P4ASBFRG88CXZJT26N8DFR8J1X,Hw0ed6DQGlYKWKY2BXGJVTcXEqUJx3BiYYRKYUA6seGWLui90FHOlp2QUIJK6QVRAyaHAMg9PODkiStFFGV8CXIiRDwX8PXSBJLX,45,26,36
K2BDSMYLXQ5H5B7QZJ89DKMNQ9HK0XBL5Y7Q9W3HXAFD7HWT86UAZX8JCS185R84B6RLAFG684POHOELBD3ZU12RG52TU4X0JCU3,rVvlSxYLjQ5HbBXCZJ8TDXFNQ9rrfLrL5YTvFS3qkwFD7YWT86UAiXhJCS1lBHe4QVTcAQa6CbDOeeEBBP3EU1nRGq2zj4d0Xqt3,38,26,46
BE4327UIF8NWF0UHOI4MCGXR5VLN5BV41SVJSEYCIY1YJZR28PREZJ1F25JLGO0545Y40LY547XTSJNQ8Y5X5PFGHY6V9SIFJFRE,YyK327UIrRWhFBlZOwiArSRRUVLZcrWIUrVIAEwCtYOYJZxCIFREnvXFr5JLGOX5ndY4dLY547XTPLNR8rFZQwsmnYGVwSIFJsRE,26,27,45
KP2VS6Q6WNERAQ7E72FNHE7ZYLW6JTBBEAGUK9C8TDMB3IZ1LRHJB4TLJ1BH63WZ7TEXSGGDH33ALZP3RL3U4IJLMBRAJ657V79K,se2Vn6QDRNARAS7E72lNHqOJYAkOJCBdEAGUKSn8lDCB3Rp1LgHJX4tbl1BH6LbTQbTFBrbhH3aaLZPfRL3BEIJLdsRoJ65yLQ9y,45,28,53
R9FMNVD1FNZX5SBKWAG1NZISWJ3541HFF29ZXX0ZR7GSRVMVHME81SM17PNF89XW7OCAYMESXXAG55P0FSJJ8E2APRD629CMYNM1,q9FMfbD1bNZX5hBKtiGGNZISTJ354mhIpx9ZkXHIzwGSzVrTIMkbhSM17uNWq9Bb7OCAYMFQXXonBbipjHJIkE2lPRD62sCuYiMK,26,29,56
HXL85X91UTWZVANVVPI0JFV5NA45V1UL2IPM87L5SO6NLRWBRPI0JB0MLNMQ9K1UX8LHJR6SH8YJTWCYI2VZ7OA7ER8BVKLG01IA,HLL85JIiwuQZVAvlVPk0FyVdNA45M1UtQBlM87LhSe6hLRtBRPatJB0hFNMQrKBxeabJNRDUC8RJeWCKu2VLVIAhRdFBVOLWb1yA,38,31,53
WC0ODSUSIGTG2G23EG54KZT8JELWSSBHWO7F1OEWREI36JH1Q66W89Z6KZ1EIQJWHWN186150I3BFXI5GJZYMPL98LZUBUFFT3EN,WsuODSUSIJTG2xySEJJiJhT8DELWkxBGWA7F1OEgFEu3BJOTQ66G89D6WZ1CKQJWlLN1861ZhuUsFrpYGJZYMDLfuLZUbfWFJ3En,51,32,58
DAGVTMG5ZT6UP0QUDMISMLO2GQGNFZLKL252MV1DH46TYY7EJVFYPMZ3LR4AXL82M84J00R58CKTV0XLLEAJISP72IVD6XDNZOZA,DBzMTkf5QGDUcfqIDMISeLPkVTjwFhUyLrM2PV1DH4ITCY7ZJtFzPMZzLRnAXL8uMp4kc0R5lCWTnRMLLEAQISYs2JqR6mDNZOZA,38,32,50
87O2XHKHNUGSVSHWMMF1NTZ9JRSPJU2WK3RYONFTLRENX9V2XWO1J6GM761VWOF6RLA5MT3FXQ3PPP3HHYPFBK1PKA0Q847OFPE6,8DOPbHxaNUGSVSOFAMF1TYZHCLSgJU2WF3KYMNjTLcENDgRYXWOhKSIxic1CrOT6rLPafT3GTQ3PPP3tHcdVBBtfKAEQkF7OKPEY,45,33,48
X3R3K03TQ48C89AFIIXQT515GNC2017KI9INPZAJEKV4TRQIRGW0OSOS3Y5WXTXTRW91WOK4PQ5JXIN4SJV5DO6W507J2PDL1POF,JDRjK03TB48feEADIdXQTG1WcNyv0UPVBPYNICAJTfq4NRbSRGWhdSOS3Y5WXTXslq9RWOK4wQ5qXIQ4mmVrDR6CQ07zRxuk1BOF,45,34,50
9IJ2F5T5C7XC0B3U4IAOCKBT74KAXGMSZIK1LBNMTJJ78QJCPVB0NXE5PCBN140HEJ4L556V4C13TAFRWZ7LLBL6P796Y7IQZPSQ,YAJVH5T5CMzK0B3IcIAOtZBT74gAXGhSZKOJLvMMTQJX8lJSPVBHNXOdPkgNQw0HEJSz55yVty13TaFIWZwmEhLlP796cQIpcjSY,45,35,54
OTE7ZCHXYM4WFQN6NK12AR5QKJ4W0JWBF3I2L7Q89S1IPQ2K6W2YWOERXXU3FK4VJ54JT8YRCYI6I4JMJ9J7WP8AXLYRU824NJDS,Ofe7GCOWAMxWFdNINkj2AR5cfJ4W0JWqF3bqT7QkUN1IXt2UBW2YOuERaBUyvQeVJ54rT8YvCYJ6IzMaJ9JWCp8ApLYUuj24bJij,45,35,59
0SEJHGFP2X36SS2L706RFCVCX55XPU6UUH9WS79NMCK3278YODSWCL15HPURUFC76M6IREJN8JPTIWRNRP3104ZXPRM4E4C67GL9,0SELHGvv2AS6xgKL7tLUnCigv5tnPU6TxH9nSM9PMCKZs7FYOmSWbj15HzURUFCTmMEIdEJi8IzTIWRNRPU10FaXPRJ4g4Cr7Ggr,42,36,57
15VEBZ0E7IY3C7HRB1FO9NYAGMV7MJDEMN3QXHYGAAXKUAY2BNW9W63GY0ATHDDBEFIUWVV39KFVIF544DQ8JMNIZBGU3CCXP32Z,15FEBZ0TNNdPC7HeB1SS9KYpGXV7MkDEMN3LZHYabEXKURYwBINYWJoGQ0HcmNDBhFEUWJDA9tNVLFWw4KiwJMNfeVGrKCCXP32I,57,37,53
89ERHMSH8F8J4R9S62XFSOAO0DJQ0KAXUSZFZEDNN5QYWYQ86SL7AM644CHV0FR1KVH4G9DHKACVY5EUKMP7ZY8G3RKN7ZLBU2UN,jJORSdSHXKzzZRAz62XFSOAr0DTS0KAXlSEXZQDNN5QjduQpmSWlAMQX4CGV0Fb1KVHQt9ZHYAMFJvEcKwXhZGqG3jKt7ZLBC2UT,45,38,47
QAMYCNVCHQ6YFK0RCODMXKZX8XUGKHXMKO5SQLNGN69RCAWTLETI4YBZIIT4TX7UKD2TEA2XO9FD3KICE3MPNKGF1DSKZQ79IR99,kAMphNVxZWrEvK0RCNDpXKZX8BOGKHuIKOySQZNcN69RlAWTzcTI4IuZIbT4TrcrKDpTEA2kOJyP3zIuEutrNQRc1nSKZrDRIj9v,26,39,52
TSKCG498ZTQR7F5VFI59CSVKFY3XG98OG762HYDF82XB1LM87WNNM5Z57L9DIHFI64W4MSYJ2KK3B17HMJBQZJNVKDVAL0I42ZOX,TJKCG4BqQTZzmF5VlI59CSnKZE3Tk98OG76iHYDF8ZXBcbM8cWNNM5s5FQ9DWHFI6PWnPSEJpmwlB1qAMJIZZGxjKDmAJGI42ZkS,51,42,58
0Q2HK4MXLSQUSAXJG7T7B3HBSR6XEI8UUDBJ7CKLIIY8Z6HTZBB1WFUAP98GGC1CJ4BFLS7GJX8KJOBKRWK4JDOHRLY546MYGTGO,dQieKjMgLKcUSAkfG7c7BWHBnRAAEIInsDdufCdpIIK8Z6NYZBBfWPUAzbtGGN1CJpBFLR7Gik8VzOGCRAKqJfYVnLY5h6MpGwGO,13,42,48
39Q3XNWOOF0TBC8DEPGDWLIYKQCPZPSM4W59EQEAQOLSJTRZLU1J7DLS3ZY703LWN3Q48FQ9J8W80EM64XBFCO1J5671I6QC3E6I,3fQYKNtOJFeTBG8DaPoDWLSYvQCPxPSM4W59EQEAQOuAQxRZLngu7DLS3ZYH03LWV3aTYwQ9JbFp0EMZ4bBzAOoJv6G1I6QC3dHI,51,44,60
C2UFEO28QVSMKY8WR71EZNUEHJ8MZPASJEW6BW4KEE4S423DQTPGD5V3VK744S40P2092AN25I09QW3YU7HWGKIIHF1OJ0LCIHXU,CrUFDoc8vVAMBP8WJ71EZNfXHIkMZGActAWVBs4REJ4Sj2VaQTtGDDVUVK7m4SP0z2m92gN2CIBJQm3YD7kWGxgIHF1On0tCIHXU,49,44,55
4JEAG8EFU4TLSKUZBLFQ3NFPO3TOCEFDAVGWUJ6HDJPCXI7ZZ7PJQTW0TO4U1U1RB6L8ZAKZ3HPAREU15T9WDC4DMKVD0VU6JLCI,fJlAL8CHKFTkSKUHBLPQ3NFnd3lzCJsIABGVJJ6HwVPCXI7ZB7eJQyCzTO4UhU1UBZL8ZAwF3HPjVEU15TfWmZODMKVDGVD6JLvI,60,46,60
G1MI0J70461IHGXT0S841R6VAAPXJTXI9F1HODBPF6PL4THAHMZW0N3I75QD2BCSD8TD9WK0YTZLHJ45LJIEC8RDE6UHYOGAUZ44,G1MI0O70eH1gPIXr0S8q1R6VAAPjJTXI9FYEdDBPVdJLUTHoHDZWSNNI75QDmBCcD8TOVyg0XGbLDJd5LJIVCXRDEZkaYOGAUZ4R,57,48,63
KNLCCJZHJQM0Q8P904Q696Z37582KE7YU7JB4H7PD80NAURW5OLPIEIMX7MIZWN9RELS9S07N6XNNQIBFLA0UWQAIB2I4CZT73RS,eNLCeJEHuQgSHIP9s4Q6qcZ375F2IELYloNB4HpPDV0NihJW5YLPITIPSCMIEvX9RELl9Se7NkdNKQIBqLAEiKOfIBGI4CZi73RS,51,49,57
XUWYSEKD3UOGDTTRXYZLK90U3FZK1YP3EZZYSPP8DUZO165MUS4JYBQVDEFR7XDV7SUQPKD0LNGPIN7QPHSRDJ27LBMIGW4L7L9A,XqGmSEZRaUOGDTTtXYZLK9rU3FZK1YP3EgZuSiPYDJZTSJ5McS4uYBQkDoFR7XGVIlfQDKD0wNPbIN7QQHLRDJWCLBkIGW4LzL9A,57,50,64
Q4WKICGPNJR3256WDXC217L903C6LEEY3GLG9OUUIDXSCCY304XCIYQBVAAZTZF3LXC5T54Y656EU8RXIH77AK8M57F5UBNV23EI,j4WKICGPyJRQH56WuVZG17LSDvP6gEEYimCG9cUUvCXICuOS04ZCIYjZVxAZTZF3LXY5Tw4Yt56dU8RXCNa7AK8Mn7P5TDNt23ET,54,51,59
P5JYSUHKVE95GLZNU9IKK2AUPJRD9A3C1NDV1H5GWT8G1VYOMW0BOX9NE97EB5LABRCJ0NA23AYV5Y7S7N9930R2WNQXISJ609HN,P5sYSUXKXEEqGnZNc9IKd2AUPIRDZAPC1NDflH5GgT8GZVVOFWXqOX9CEGhEB5LAwRYJXNK2trXV5Y7x7N9rd0RgWNQXTKF6RJHN,51,51,62
Z131G34TS25E2IXMK6UYMCK1B218KVJCTN8Z36SLOSISEM6IXPSRPBW84BL9K58F9B8NSVG0PQ3IF4HATV9TE5GDWJQODMA5VJI1,Z131G34Ti25ySmXCX6UYMPK1B21EBplCTN8Z3dILuSIJEN6SXzJRwBWANBLPsVpFQB8pShG0PQ3Ip4HATHfTa5GDJJQODOAJoRIJ,57,53,57
KCYW7WYX7JF1B8JYNGA4YNYJF0ZY851IRJY5XCYDQ5LZ2BFAJ3SNRKI1GODZ3P2PO2II7IRG7U101M301RY8PCH1J7Q8ZQG5DPNZ,RKYW7WfXPJr1I8JKPGA4TcYJkgZY851kRJC5XCGDQ5mZwBFAJ3ANoUK1YSDZ3P2PO2Im7ERG7U10dm301RYEPCHhJ7v8FBc5DfNZ,64,53,67
AAYY2R3GF6RW0DPLWSW3AG3F1IRLVFEY89UC1ZBRVCBCCIFA716IFJOXISYW21FOKTHICOPV3AVEG4TGP9U1L5HK3IS5X2R3HLP1,RFfz2R3GFjRWnfJLWSW3Ad3F1ARLVcFY89UC1ZBQVCiCCIFU7M6IfzkiISYW21FlKsuICOPV3AVEG4JGCjb1L5Hc3fxRfFRDHRng,57,53,66
O07TE7CIWCKVCXYKHOG0DRKBQV1J1WEOPRZWXJHVQQIZD0ZZGEZPT9GN2W0MDSEBGDZ28GZ125JUTSKSSJ6VBG0MYCI0VUO2LSOS,l07TEzCIWCKkCXqKHOGLDmzBQr1J1WzOPRZWYJHHQQIZD0ZjiElATqDI2Z0MnSKOHDZ28GZC25JkTbKSSJ6VBG0MyGI0VUyRLkLJ,61,54,66
NGF2N0MQA8O6NO1MOVAIRLXIQ3AFM523WYBZKE3UHCYTX0IGZ6A5RPE69UKDMZ6HFZR6T9QQNBBVYM8M3KBCLF0CHKF29M9V03KJ,NIF2NlUQA8S6qR1YOVAINLXgQLAFM52VWBBZCEBUHCYbX0juW6A5RPi6azKDMZJHIFRuT9eQNGdVYM8lrKHCLEkCTyl2uq9VFWKJ,53,54,61
N85VH0TIQ62QPAORRTWZ5WNPYQ7B20NLF0I7GPYEGBJUV4BGPT61XDER8JPLJRK8YR4OZERPTW1C07RFNCT20TT8NGRIIH0QKX8A,E8LjH0TIg6zFOAORhTWQ5WNPYQ7h20NIxHIIGPjEhBPUWjetSTzyXDER8JPLJmKOhQoOZmyPTW1CJ7RFRCTc0GiBNeRSQHGQKX8A,51,55,55
A4B7QM0XR31KONX03VUM1A9MXYXLZGC73TNPF5DB5Z5F6DX65S1A6YS3RXR5XC7DM8JJ6N9CO4QE9QD0N24EW9194LCWB0PLUCH2,ATB7QMDXR3YKONXT3VUMCHkMVCCLsGCk3ZNve5DB5ZaF6DX65S1A6YSUSXR5HCjDM8JS6N9COrQDuQDGQUGEW9cB4LCWb0nGqCF2,58,56,65
4F9CW5SDAVSWUBIZSGOMPJDBVQ3HT2RMEZ3W7KG6O9TI8BRULLHMT6UHMJQK812MNGE64T90DNSS7BEZ8I8DKZYJM9Q81EDJPBVC,4F9Os5RDACSWoBIZygOMnJrBQQMHT2tMzZ3W7KUhO9TITBRULLHDTyUHMRQK812MNGn64VB0DNSS7oEZ8IpYKZYguRQ8mmDjPBVJ,58,56,70
RAP227IL2QYSDW46O2JS176KCDMBMO5Q8PVW5NX5AS6O8WHD4H99IR3W73FPPZV7ZBO2SU0B7UPOOCPODAHWPCOKY07VKUE750PO,RAvf2tHL2QMSDW46OkMS176KcYMBMOYi8PTW5Nx5Ah6HhWHD4H99IR3n7YFPPZl7ZBI2SU0V7UPOGCPNDAwKkCOsI07VKrE7Y0PO,64,61,73
7J60EYG7BQNRR7KTDVHWX5PP62882B4ZJ4NPKFG5ELI8EPMS8HCIVRSCF0I411XRF0RETGAK7UM7Q9GPT7W8HVOTII7MCWVNTSYF,7n60jYGsBQbRi7KpYJHtm5PPK2e82B4HJEfPcFG5ELI8EPMy8HCImRSCFsO411XRL0XITGAK7UV7QVfPo7V8HVOTII7MCmGNTSYF,64,62,70
DWZGTEVYMT23MOMDA5BLITK8JA65050J77ELUQTU881GQ5ZKFYZ81R4YSV8SL8KGYU4LS9QSMEXPP1OW76P2NBK3OGYG24M2X6W3,AWUGTLVYMT23MOMDc5vLLTK8JANv05PJ7mELOZsU8NDGxAZkFYl81w4YzV8SLcKGYF4LZ9QRMEXPP1OG76P2NBK3OGBG24c2X6xl,64,62,71
E625TRXWFBEVX0BOLPX6YBLG4PSK1Y6C8GJB9XJMD9GUXKAJW39TYX1DOG103EM037ER00W9RLOPEU0G07XUQIGTO2DJAKV06DYE,h6LtTRXWFBEVX0xOLOXAZBeG4PSZ1Y6C8hJB9XJsDOGBXKiJW39TcX1FOG103tMUg7ER0XIVkLLDQUOD07XqQIGTg2DlAKV06DjE,63,62,68
9SFCYNLGSDINMTMN6TXUJZZ06J3M3J2ZST2A20RHDRI0V5LV49P54M8Y61OR66A0L2VGNB2O6EGW4L2ZOT0SYXMW8MESTBT54QEI,9SNCYNLGlDINHiMf6rXUaZZL6J3MHJ2ZNTgAX0NZDRIUV5LaRyP54MvY61Oc66A0L2VGNBqH6EGW4L2ZOP0STXUW8MESTJT54FVI,67,62,72
UUYCBEM2CSR2WPFFA4RRUYGNAA0TS2PNYZG4DM62VS6ZLCPOESG6264VF8GQGRXPAVSWA5DFFBG28KJQHS3MQ7WTRQ63ZYJ5FPAM,DUkCBEMzCSR2mPXFA4RRbvGNLAJTSGPNIZG4Dm6DuS6pSCPNbSG6264VFdGbGRXPAVSWA5ZFFBG28KaQHS3ZCSLFRQ63ZYJsFPbP,67,63,71
LC97EPH36EBPXDWOST865FEU7NG9EW858GP5X4OWAXT91ZH4IZLO8Z8UWPXCAF3ET9NNEIAI4DFVRFB298YY85UFD4ZVG8QZJGFP,LM97EaS3lEBPGLWOqT865FEI7DGtEW858GP5X4OWNXT9jXd4IZLOVZiUfKXCMF3ETVNNEIhI4DFVNWBh98UY8LUwD4ZVG8QZJBFP,67,63,72
TFN5IZIZOIO1PVKO1IZ3U0I1KP484NCX8J8KW0AZCAB7W2EACLKS9C2BYGKKRVWDGQQTFPU1F3H37JDCANF7A4Z3HUKOSADMUFG6,TRN5IZIZOeO1Zrpc1IZ3U0IXKt484NCX8J8Kv0vKCAB7W2EAsLKS9tdBYGOURMWDGQPUFPrMFFH37JDQANF7A4u3HUlprAguUFG6,67,67,72
1NWARW9T33XP2CA8A1R8H2LCBVTWQTV4BSUJHS4VTWRWVBSG2Z3FZ5CH6NMBLIYFD8I069XJSEU4K512MM48R5CU2V814PV07L08,aNWxXW9T3KXh2CldP1RHH2LdBPTWQTV4BKUJHS4VTGuWVBSK2Z3FV5CH6NMoSIYFDQI069XhZEU4e51VMM48R5CxMV81QSd0xm08,64,67,70
XNSNNS8E8WC04RUHBIJVKAPCTUSBBZTI9Z7UZ0APXU3GTZOKYANDCXZBNTEW7CJDI8OL0FSXFW6BVLYP3CPIBBYY6OOZV4N9IPAE,XNvNNZ8E8WClSRUHBIJVKAfwsUzBCRTC9ZaUF0kIyU3GfuOKYAnAPLZBNTEc7CJaI8OL0FSXoWrBVLYP3tPIBeYY6OOZJ4I9IPAX,61,67,69
Z6E4WTYUYR8MAJMBE6MUJSJKEQVURVUWHBRWON39T5K1KRWNT63D0UEL170VKKL3425E35U622BJ939YEZV792K5STIARF1GKVXR,Z6E4WTYhYRwMAJMBE6coJSJKEQVVRVpWUrjbON39TycyCWWZT63D0UELEn0VKKL342FE35T6s2Rz939YEZV792KwSTIARF1GKVXR,64,70,76
VAE1001B558B1438R60TQFTZPXH6VHTIVE60ARVNBYEMC7OS6J3OYIOFDFU7SG7SC1014QISKHDJF94TL7XHDJJ2T136X7JTG9DX,gAo1001B55uB143FR60TQFTiPcH6pHTIVE60ARlNHYBMCSOm6J3OYIOFeFUHsG7SCf014QISkHDJF94Tn7XHDJNdT136XgJTG9fX,63,72,80
JICDNCSV3Y3G682J4ILC463VC6QGY6EJCIFQ90IXPOZK96CRML7CVT9G3PG3HLE1ATT4OZJ5KERAVDGOVQMQ0RAE57HZ7T89A8KM,JIpDZCMV3YDG68rJ4IVC46RVp6QGY6EkCIFQ90wXPOZKA6CRML7CVZ9XNPG3HLE1ATT4OZJ5KERAVDHOVQMudRAE57ZY7TkvAbKM,67,72,78
MEVBZXOYWTY2FJ4XC0NV7225DVDDJIZTTVSZNHWR9LXG1HGOUSJ93VONK30ZFJBNF84K3LVTWNUOD9NO1FW8NY8JSR04V2YM3EDA,MEEBZXHYxTY2FJmXC0NV7F2mDiDvJIZTTVSZNHWR9Lsr1HGZUsJ9HlONK30ZFEBNFo4b3LVTWMUOD9EasFW8NYRJSvi4V2YMJEDA,60,73,76
9NR9W0I8SIQ88Q3B2JM9OUVZHDORVKX88KP87MII4CCB58IH58J9C1C8RPEH660VJB362UCYVOYY8THJ2B9CPYACNRCZTBACSSAD,kNR9W0IKSUQ8ZQ3B2JMFOeVpHDWRVKX88KP8PMIIDCCe58IH58J9C1CjRdEHW60dJj3RQUCYVOYY8THJ2B9CPWAGyRKZTBKCSSAD,67,73,77
7GCDKS7Q500AEX5SDW2NR44RKK1WF0ZAJSTKV4Z4QVC1CDC8TVRGK659D5PV322SKH3YBZXDRXPJS9SIHI7XAQLKGKFC290G60MB,7GCDKSbQ5X0AEqRSDW2NC44RKK1WuoZAJSTKV4Z4SVC1CDCFTVRTK6T9OdSV3mFSKH3YBZoDRXckS9AIHI7XKQLKGKPC290c6dMB,67,75,77
XBY3FWGQ17170FG5AI5YMVTYTWAA3USSIG7DDN0714NM6X3RAWIFO0JA270PO8LZC7GW0XBDTPQKBAQHN2NZIWGGJYQD8SD4E3WM,EBY3FIfQS7170FGTQSaYMVTYTWJABUSSPG7DDN0714NM6X3RqWIFO0BA270PO8LZC7WW0XBwToQKBAQBN2NZIWGmJYQD8SD4E3BM,80,75,82
1G75YCA72B158ZQLT82QHSK3F2FN87VOTN6BYLIE7MB2ECH5SMCSBPMR6P0ICELRD15XB1VFGEQJW3KWBP0TJSW9LJHKTC5W1TKS,1G75tCA72B158ZQLT82QHhK3F2tN8sVMTN6SYLIE7MDnECH5AMXSBPMt6K0ICELRD15XB1VXGEQJW3KWll0TJStQLJJKTU5b1RKS,73,75,79
G6P0UYMZS5V7JXBP0NXJZT5HL3TUASVZEQ7A18IXRQUEPN6AH2OZML491LRPSYZCMVHCSGWD24ND69NEVSHUDJK2WV2BT3H1BRJ6,GfS0lYMZS5V7JXBP0NXJZT5zL3TUASVHEU7N18IXRQUEPN6WH2EkMl49DLRPpYZCIVHCfGWD2CNDFQNEVSHMDJK2FV2BTwHsBDJ6,73,76,78
PUFSAUQ35H4IXT1MGON1OACT77GSL0ZZ2OF901TK6JLWJQ5W6YQSR51LKPSEZJWX9ELRCNYWORU8EFNHZBOFQJZBND6A6HE0F9ND,wxFZAhQ35HmIIiEhGON1AACT77GSLdZZ2XF901TKsJLWJu5W6YQSRP1LKPSwZFWX9ELRCNYWORU8EFNHZBOFQJZBNDSA6HE0FHND,74,76,81
ZSJDNYGFF9OTLRF1IC3YT26SEEXYVMZGY5IMMP9QD5Y28HPTALHGHGK2W89EA03VPP4SCGZC8POE4L3ABLDT12S941XJTX0BCPAX,ZSJDNYGFF9OTLeF1OC3YT26SEEApVMZGY5IMMP9QD5Y2PxPTALHGHGK2m89EA03naP4SCGZd8mOEkL3AGLDT12S9O1BJTXGBbPAa,73,76,82
EPK780EHGFV982ZJJKE8XM9H2HJSDR5QNA78EO5CJP0P784K54VPUIOPWV3E4O7U2JZS27TZD950O2H0FZ8HL0TBCONQL6AVTIR1,EPK780EHGFV982ZTJKEZXi9C2maQDR5QNA78EOvCJP0P784K54VPUInPWV3EvO7UIJZSZ7eZDSgPO2H0Fr8Hp0TwaONQL6AVTIR1,67,78,79
UCOYBF2A16RZKNY8Y6ICD9UXE83UCB96GK798XWFAP2KBC99TRPTEPQEKQ30PMFZPDAUMI04AERWGAM4CYO13NA00C0XTUMQM08S,UCOYBF2AV6RllVY8YCICD9QXp8blCB96GC798XWFAP2KBh99TRPTEvDEKQ30PMFwPkDUMI04AERWGDM4CpO13NA0TC0XTUMQM08S,73,79,82
EBIWAJ8OW9IDMOGSL9UQ4N4GT9T384CLZMGDL4OTPIS73K8E117ZC9UULF2ZECA4YLRUOE88U58OK91D4BIDSSR9D50Z2U98CEIA,EBIWyJ8OW9IDMjGSL9WQ4N4GT9T3U4CLyMGDLjOTPzS7dK8E117ZC9UULFetVCA4YLXUOE88Ul8OK9CD4BDDSSR9D5NZFU98CEyA,67,79,83
WGDXLE12QSSN1X6SB1IPR7DKOFH7LQ8D5TDSP6HUW1G28A9DCX1YHBYQAGU36C5HPM4F3XKY1WUM68X0O1BW6NB0DDPI1YBCLXF4,WGDXLPI2QSSN1XUSB1IPR7DKOFH7LQ8DvTDSP6HUWEWi8A9DuX1LHBYQAGUT6C5tPceFSXKY1WUM6BX0OrBW6NB0DDPI1YBCzXF4,70,80,83
4X5B7WRJ7L2ZIEUEC2QZGPUCOOP4CH2H9385LCY5E6QG1ZV6YHFSUZLYVU1PHSIOJUVEQOO9EV31CR0Y1M84H2R65ARGSKV4L9NX,4X5B7WRC7L2ZIEUEC2QZGPuCOOP4CHOH9385LCKqERQG1ZV6YHFSUSLYVU1PHrBrQUVEQOsnEV31CR0Y1Mv4H2R65ARGSKV4b9NX,74,83,86
ZVQ6PGGRKAQE9H2M2YMH801XEN6VFPYZO38AYW5P8IC0AHPN10M78QRHY2RQ0LJ15FZK13J87ASGEEBM50UDFTNLEORR47B2I9F8,ZVQ6PGGRKfQE9H2M2YMH80rOEN6VFPYZO3fAYW5P8IC0AHPNp0M78eRHY2RQ0LJ15FZK13J87ASGqEBM5VUDFTNLEOCRT7B2I9FG,77,89,89
MJARTZE7DPXDU833RXF33SO6YUJYGXSSHE1L6532P2TUNWFSGK0ADF4Y0SFE5383T5WZTP4VWHEJZP7IVR669DGUBEL8ZIK0SF9X,MJARTZE7DPXDU8Y3RXF3vSO6YUJYGXSSHE1L6532P2TUNWFSGKbADv4Y0SFE5383T5WZTP4VWHEJZr7IVvN6dDGUBEL8ZIK0SF9Q,77,91,91
5Q3EE1DVD4AJPXEJF55MVF81GTFTB0A0BJYIRAWQ6RUZO3M5UQHEYPL5TTJ2FIQZGB7UGXUYFCHOKX6B0PZCMC78UKHW6P5V6UO7,5Q3EE1DVD4AXPXjJF55MVv81GTFTB0W0BJYIlAWQ6RUZO3M5UQHEYPL5TTJ2FIQZGB7UGXUYFCHOKXNB0PaeMC78UKHW6PbV6UO7,80,91,91
TZ38TNS2OXWJ2F91XWF5ECVNGGD7CBSPLGF855HR5BW2MGDIRVI4C10GNBPTQU4L9GM0I2HQLJVW4F0QXNZPGOXC0RSXBBL0ISCP,TZ38TNS2OXWJ2F91XWF5ECVNCGD7CBSPLGF8l5HR5BW2MVDIRVIjC10GNBPTQU4L9GM0I2HQLJVW4F0QXNZPGOXZzRSXLBL0ISCP,86,93,93
5I4CPWOJMNCTR80D2IQGZXSIBZFY6M6K3LCOKQCXRKZ8D08W0N5YR2SZCUL5CEPETXMJTFXGJ6OZSRKM1ZVU879XG02DPHCE8LXZ,5I4uPWOJMNCTR80D2IQGZXSIBZFY6M6K3LCOKQCXRKZ8D08W0N5YR2SZCUL5CEPETXMJTFXGJxaZSRKM1ZJUe79XG02DPHCE8LXZ,85,95,95
EN7NJUBFTM9JBDD84LZQPIDAFMN11OP5RMDNNB4RTQOFZ31GTSX9KO3XZQM71VTITIXVKS5IJ2YH3W1IZ2EJKI1DVKQEJW9SRWB2,EN7NJUBFTM9JBDD84LZQPIDAFMN11OP5RMDNNB4RTQOFZ31GTSX9KO3XZQM7YVqITwXVKS5IJ2YH3W1IZ2EgKI1DVKQEJW9SRWB2,89,96,96
8W8IK81NX721E49US91F2BT4F01W06N40L5QZ3AHASV7IC1SGERT7VLLU739EFVM2HSN833VNV5WDZU3F0HE8HNS1KIB0YOB17Z3,8WXIK81NX721E49US91F2BT4X01W06N40L5QZ3AHASV7IC1SGERT7VLLU739EFVM2HSN833uNV5WDZU3F0HE8HNSzKIB0YOB17Z3,94,96,96
7GH5XMKZIO44WZI2P7B09LYZH91ZDAG1YLXQQRMI7DF3VHGYAWI3BM05QZYXETRK5AG2WELU0Q5MJ6JFE2TLZI854DQJHN79PDY8,7GH5XMKZIO44WMI2P7B09LKZH91ZDAG1YLXQQRMI7DF3VHGYAWI3BM05QZYXXTRK5AG2WELU0Q5MJ6JFE2TLZI854DQJHN79PDY8,94,97,97
282R9G2CCZF5LO6TY1JM7OUFOZVGF0T122CS501XVHHZBWCCGONVU5ABXPGVVXC5YMYUQ035M8ZARMGRM1GNOL6ADMCQA0ZVQD67,282R9G2CCZF5LO6TY1JM7OUFOZjGF0T122CS501XVHHZBWCCGONYU5ABXPGVVXC5YMYUQ035M8ZARMGRM1GNOL6ADMCQA0ZVQD67,94,98,98
NTJR8VU51SDZH5HES7250NJ7AX529A7ATAZGT6ITPG0AVHKOF01RU7PACYC0UPJEO9HA477D740M9FE294UVROTD2T031U1OOTXT,NTJR8VU51SDZH5HES7250NJ7AX529A7ATAZGT6ITPG0AVHKOF01RU7PACYC0UPJEO9HA477D740M9FE294UVROTD2T031U1OOTXT,94,100,100
In,[27],,,
,,,,
â€‹,,,,
